{
  "relationships": [
    {
      "relationshipType": "one-to-one",
      "relationshipName": "region",
      "otherEntityName": "region",
      "otherEntityField": "id",
      "ownerSide": true,
      "otherEntityRelationshipName": "country"
    }
  ],
  "fields": [
    {
      "fieldName": "countryId",
      "fieldType": "Long"
    },
    {
      "fieldName": "countryName",
      "fieldType": "String"
    }
  ],
  "changelogDate": "20160801132543",
  "entityTableName": "country",
  "dto": "no",
  "pagination": "no",
  "service": "no"
}