{
  "relationships": [
    {
      "relationshipName": "department",
      "otherEntityName": "department",
      "relationshipType": "many-to-one",
      "otherEntityField": "id"
    },
    {
      "relationshipType": "one-to-many",
      "relationshipName": "job",
      "otherEntityName": "job",
      "otherEntityRelationshipName": "employee"
    },
    {
      "relationshipType": "many-to-one",
      "relationshipName": "manager",
      "otherEntityName": "employee",
      "otherEntityField": "id"
    }
  ],
  "fields": [
    {
      "fieldName": "employeeId",
      "fieldType": "Long"
    },
    {
      "fieldName": "firstName",
      "comment": "The firstname attribute.",
      "fieldType": "String"
    },
    {
      "fieldName": "lastName",
      "fieldType": "String"
    },
    {
      "fieldName": "email",
      "fieldType": "String"
    },
    {
      "fieldName": "phoneNumber",
      "fieldType": "String"
    },
    {
      "fieldName": "hireDate",
      "fieldType": "ZonedDateTime"
    },
    {
      "fieldName": "salary",
      "fieldType": "Long"
    },
    {
      "fieldName": "commissionPct",
      "fieldType": "Long"
    }
  ],
  "changelogDate": "20160801132547",
  "javadoc": "The Employee entity.",
  "entityTableName": "employee",
  "dto": "mapstruct",
  "pagination": "infinite-scroll",
  "service": "serviceClass"
}