{
  "relationships": [
    {
      "relationshipName": "employee",
      "otherEntityName": "employee",
      "relationshipType": "many-to-one",
      "otherEntityField": "id"
    },
    {
      "relationshipType": "many-to-many",
      "relationshipName": "task",
      "otherEntityName": "task",
      "otherEntityField": "title",
      "ownerSide": true
    }
  ],
  "fields": [
    {
      "fieldName": "jobId",
      "fieldType": "Long"
    },
    {
      "fieldName": "jobTitle",
      "fieldType": "String"
    },
    {
      "fieldName": "minSalary",
      "fieldType": "Long"
    },
    {
      "fieldName": "maxSalary",
      "fieldType": "Long"
    }
  ],
  "changelogDate": "20160801132548",
  "entityTableName": "job",
  "dto": "no",
  "pagination": "pagination",
  "service": "no"
}