{
  "relationships": [
    {
      "relationshipType": "one-to-one",
      "relationshipName": "job",
      "otherEntityName": "job",
      "otherEntityField": "id",
      "ownerSide": true,
      "otherEntityRelationshipName": "jobHistory"
    },
    {
      "relationshipType": "one-to-one",
      "relationshipName": "department",
      "otherEntityName": "department",
      "otherEntityField": "id",
      "ownerSide": true,
      "otherEntityRelationshipName": "jobHistory"
    },
    {
      "relationshipType": "one-to-one",
      "relationshipName": "employee",
      "otherEntityName": "employee",
      "otherEntityField": "id",
      "ownerSide": true,
      "otherEntityRelationshipName": "jobHistory"
    }
  ],
  "fields": [
    {
      "fieldName": "startDate",
      "fieldType": "ZonedDateTime"
    },
    {
      "fieldName": "endDate",
      "fieldType": "ZonedDateTime"
    },
    {
      "fieldName": "language",
      "fieldType": "Language",
      "fieldValues": "FRENCH,ENGLISH,SPANISH"
    }
  ],
  "changelogDate": "20160801132549",
  "entityTableName": "job_history",
  "dto": "no",
  "pagination": "infinite-scroll",
  "service": "no"
}