{
  "relationships": [
    {
      "relationshipType": "many-to-many",
      "relationshipName": "job",
      "otherEntityName": "job",
      "ownerSide": false,
      "otherEntityRelationshipName": "task"
    }
  ],
  "fields": [
    {
      "fieldName": "taskId",
      "fieldType": "Long"
    },
    {
      "fieldName": "title",
      "fieldType": "String"
    },
    {
      "fieldName": "description",
      "fieldType": "String"
    }
  ],
  "changelogDate": "20160801132546",
  "entityTableName": "task",
  "dto": "no",
  "pagination": "no",
  "service": "no"
}