<?xml version="1.0" encoding="utf-8"?>
<databaseChangeLog
    xmlns="http://www.liquibase.org/xml/ns/dbchangelog"
    xmlns:xsi="http://www.w3.org/2001/XMLSchema-instance"
    xsi:schemaLocation="http://www.liquibase.org/xml/ns/dbchangelog http://www.liquibase.org/xml/ns/dbchangelog/dbchangelog-3.4.xsd">

    <property name="now" value="now()" dbms="mysql,h2"/>
    <property name="now" value="current_timestamp" dbms="postgresql"/>
    <property name="now" value="sysdate" dbms="oracle"/>

    <property name="autoIncrement" value="true" dbms="mysql,h2,postgresql,oracle"/>

    <property name="floatType" value="float4" dbms="postgresql, h2"/>
    <property name="floatType" value="float" dbms="mysql, oracle"/>

    <!--
        Added the entity Job.
    -->
    <changeSet id="20160801132548-1" author="jhipster">
        <createTable tableName="job">
            <column name="id" type="bigint" autoIncrement="${autoIncrement}">
                <constraints primaryKey="true" nullable="false"/>
            </column>
            <column name="job_id" type="bigint">
                <constraints nullable="true" />
            </column>
            
            <column name="job_title" type="varchar(255)">
                <constraints nullable="true" />
            </column>
            
            <column name="min_salary" type="bigint">
                <constraints nullable="true" />
            </column>
            
            <column name="max_salary" type="bigint">
                <constraints nullable="true" />
            </column>
            
            <column name="employee_id" type="bigint">
                <constraints nullable="true" />
            </column>

            <!-- jhipster-needle-liquibase-add-column - Jhipster will add columns here, do not remove-->
        </createTable>
        
        <createTable tableName="job_task">
            <column name="tasks_id" type="bigint">
                <constraints nullable="false"/>
            </column>
            <column name="jobs_id" type="bigint">
                <constraints nullable="false"/>
            </column>
        </createTable>

        <addPrimaryKey columnNames="jobs_id, tasks_id" tableName="job_task"/>
        
    </changeSet>
</databaseChangeLog>
