{
  "generator-jhipster": {
    "jhipsterVersion": "3.5.1",
    "baseName": "myapp",
    "packageName": "com.mycompany.myapp",
    "packageFolder": "com/mycompany/myapp",
    "serverPort": "8080",
    "authenticationType": "session",
    "hibernateCache": "ehcache",
    "clusteredHttpSession": "no",
    "websocket": "no",
    "databaseType": "sql",
    "devDatabaseType": "h2Disk",
    "prodDatabaseType": "mysql",
    "searchEngine": "no",
    "buildTool": "maven",
    "enableSocialSignIn": false,
    "rememberMeKey": "85184a7613a3451ede2483a414adf26e3594e45b",
    "useSass": false,
    "applicationType": "monolith",
    "testFrameworks": [
      "gatling"
    ],
    "jhiPrefix": "jhi",
    "enableTranslation": false
  }
}