{
  "name": "application-name",
  "version": "0.0.1",
  "data":[{
    "id":"A1",
    "name":"2016款 30 FSL 舒适型",
    "color_A":"白色",
    "color_B":"灰色",
    "price_A":"485800.00",
    "price_B":"485600.00",
    "startTimer":"2016-08-18 09:00",
    "endTimer":"2016-12-18 09:00",
    "stock":"10",
    "area":"南京市",
    "statue":"0"
  },{
    "id":"A2",
    "name":"2016款 30 FSL 舒适型",
    "color_A":"白色",
    "color_B":"灰色",
    "price_A":"485800.00",
    "price_B":"485600.00",
    "startTimer":"2016-08-18 09:00",
    "endTimer":"2016-12-18 09:00",
    "stock":"10",
    "area":"南昌市",
    "statue":"0"
  },{
    "id":"A3",
    "name":"2016款 30 FSL 舒适型",
    "color_A":"白色",
    "color_B":"灰色",
    "price_A":"485800.00",
    "price_B":"485600.00",
    "startTimer":"2016-08-18 09:00",
    "endTimer":"2016-12-18 09:00",
    "stock":"10",
    "area":"常州市",
    "statue":"0"
  },{
    "id":"A4",
    "name":"2016款 30 FSL 舒适型",
    "color_A":"白色",
    "color_B":"灰色",
    "price_A":"485800.00",
    "price_B":"485600.00",
    "startTimer":"2016-08-18 09:00",
    "endTimer":"2016-12-18 09:00",
    "stock":"10",
    "area":"扬州市",
    "statue":"0"
  },{
    "id":"A5",
    "name":"2016款 30 FSL 舒适型",
    "color_A":"白色",
    "color_B":"灰色",
    "price_A":"485800.00",
    "price_B":"485600.00",
    "startTimer":"2016-08-18 09:00",
    "endTimer":"2016-12-18 09:00",
    "stock":"10",
    "area":"无锡市",
    "statue":"0"
  },{
    "id":"A6",
    "name":"2016款 30 FSL 舒适型",
    "color_A":"白色",
    "color_B":"灰色",
    "price_A":"485800.00",
    "price_B":"485600.00",
    "startTimer":"2016-08-18 09:00",
    "endTimer":"2016-12-18 09:00",
    "stock":"10",
    "area":"句容市",
    "statue":"0"
  },{
    "id":"A7",
    "name":"2016款 30 FSL 舒适型",
    "color_A":"白色",
    "color_B":"灰色",
    "price_A":"485800.00",
    "price_B":"485600.00",
    "startTimer":"2016-08-18 09:00",
    "endTimer":"2016-12-18 09:00",
    "stock":"10",
    "area":"镇江",
    "statue":"0"
  },{
    "id":"A8",
    "name":"2016款 30 FSL 舒适型",
    "color_A":"白色",
    "color_B":"灰色",
    "price_A":"485800.00",
    "price_B":"485600.00",
    "startTimer":"2016-08-18 09:00",
    "endTimer":"2016-12-18 09:00",
    "stock":"10",
    "area":"南京市",
    "statue":"0"
  },{
    "id":"A9",
    "name":"2016款 30 FSL 舒适型",
    "color_A":"白色",
    "color_B":"灰色",
    "price_A":"485800.00",
    "price_B":"485600.00",
    "startTimer":"2016-08-18 09:00",
    "endTimer":"2016-12-18 09:00",
    "stock":"10",
    "area":"扬州市",
    "statue":"0"
  },{
    "id":"A10",
    "name":"2016款 30 FSL 舒适型",
    "color_A":"白色",
    "color_B":"灰色",
    "price_A":"485800.00",
    "price_B":"485600.00",
    "startTimer":"2016-08-18 09:00",
    "endTimer":"2016-12-18 09:00",
    "stock":"10",
    "area":"南京市",
    "statue":"0"
  },{
    "id":"A11",
    "name":"2016款 30 FSL 舒适型",
    "color_A":"白色",
    "color_B":"灰色",
    "price_A":"485800.00",
    "price_B":"485600.00",
    "startTimer":"2016-08-18 09:00",
    "endTimer":"2016-12-18 09:00",
    "stock":"10",
    "area":"扬州市",
    "statue":"0"
  },{
    "id":"A12",
    "name":"2016款 30 FSL 舒适型",
    "color_A":"白色",
    "color_B":"灰色",
    "price_A":"485800.00",
    "price_B":"485600.00",
    "startTimer":"2016-08-18 09:00",
    "endTimer":"2016-12-18 09:00",
    "stock":"10",
    "area":"徐州市",
    "statue":"0"
  },{
    "id":"A13",
    "name":"2016款 30 FSL 舒适型",
    "color_A":"白色",
    "color_B":"灰色",
    "price_A":"485800.00",
    "price_B":"485600.00",
    "startTimer":"2016-08-18 09:00",
    "endTimer":"2016-12-18 09:00",
    "stock":"10",
    "area":"合肥市",
    "statue":"0"
  }]
}
